{
	"w" : [1, 2, 3, 4, 5],
	"lambda" : [0.54864],
	"Amax" : [0.06737878869]
}